{"meta": {"filename": "corpus/xml/wolves.xml", "title": "Wolves"}, "sentences": [{"lang": 0, "para_alignment": [{"off_end": 65, "off_start": 0, "para_id": 1}], "text": "1. Ircraxi wuzet ẓï rcopc de bu xuren ter ǰengal ɣ̌uzerk reɣ̌den.", "words": [{"next_word": 1, "off_end": 2, "off_start": 0, "wf": "1.", "wtype": "punct"}, {"ana": [{"gloss": "sunshine", "gloss_index": "STEM{ir}-STEM{craxi}-", "gr.pos": "n", "lex": "craxi", "parts": "ircraxi", "trans_en": "shine"}], "next_word": 2, "off_end": 10, "off_start": 3, "sentence_index": 0, "sentence_index_neg": 10, "wf": "Ircraxi", "wtype": "word"}, {"ana": [{"gloss": "Pr.1SG:N=and", "gloss_index": "STEM{wuz}-and{et}-", "gr.pos": ["pro", "conn"], "lex": "wuz", "parts": "wuz=et", "trans_en": "Pr.1SG"}], "next_word": 3, "off_end": 16, "off_start": 11, "sentence_index": 1, "sentence_index_neg": 9, "wf": "wuzet", "wtype": "word"}, {"ana": [{"gloss": "P.1SG", "gloss_index": "STEM{ẓï}-", "gr.pos": "pro", "lex": "ẓï", "parts": "ẓï", "trans_en": "P"}], "next_word": 4, "off_end": 19, "off_start": 17, "sentence_index": 2, "sentence_index_neg": 8, "wf": "ẓï", "wtype": "word"}, {"ana": [{"gloss": "cousin", "gloss_index": "STEM{rcopc}-", "gr.pos": ["adj", "n"], "lex": "rcopc", "parts": "rcopc", "trans_en": "cousin"}], "next_word": 5, "off_end": 25, "off_start": 20, "sentence_index": 3, "sentence_index_neg": 7, "wf": "rcopc", "wtype": "word"}, {"ana": [{"gloss": "with", "gloss_index": "STEM{de}-", "gr.pos": "prep", "lex": "de", "parts": "de", "trans_en": "with"}], "next_word": 6, "off_end": 28, "off_start": 26, "sentence_index": 4, "sentence_index_neg": 6, "wf": "de", "wtype": "word"}, {"ana": [{"gloss": "two", "gloss_index": "STEM{bu}-", "gr.pos": "num", "lex": "bu", "parts": "bu", "trans_en": "two"}], "next_word": 7, "off_end": 31, "off_start": 29, "sentence_index": 5, "sentence_index_neg": 5, "wf": "bu", "wtype": "word"}, {"ana": [{"gloss": "donkey-ABL", "gloss_index": "STEM{xur}-ABL{en}-", "gr.pos": "n", "lex": "xur", "parts": "xur-en", "trans_en": "donkey"}], "next_word": 8, "off_end": 37, "off_start": 32, "sentence_index": 6, "sentence_index_neg": 4, "wf": "xuren", "wtype": "word"}, {"ana": [{"gloss": "to", "gloss_index": "STEM{ter}-", "gr.pos": "prep", "lex": "ter", "parts": "ter", "trans_en": "to"}], "next_word": 9, "off_end": 41, "off_start": 38, "sentence_index": 7, "sentence_index_neg": 3, "wf": "ter", "wtype": "word"}, {"ana": [{"gloss": "forest", "gloss_index": "STEM{ǰengal}-", "gr.pos": "n", "lex": "ǰengal", "parts": "ǰengal", "trans_en": "forest"}], "next_word": 10, "off_end": 48, "off_start": 42, "sentence_index": 8, "sentence_index_neg": 2, "wf": "ǰengal", "wtype": "word"}, {"ana": [{"gloss": "firewood-PURP", "gloss_index": "STEM{ɣ̌uz}-PURP{erk}-", "gr.pos": "n", "lex": "ɣ̌uz", "parts": "ɣ̌uz-erk", "trans_en": "firewood"}], "next_word": 11, "off_end": 56, "off_start": 49, "sentence_index": 9, "sentence_index_neg": 1, "wf": "ɣ̌uzerk", "wtype": "word"}, {"ana": [{"gloss": "go-PST=1PL", "gloss_index": "STEM{reɣ̌}-PST{d}-1PL{en}-", "gr.pos": "v", "lex": "reɣ̌", "parts": "reɣ̌-d=en", "trans_en": "go"}], "next_word": 12, "off_end": 64, "off_start": 57, "sentence_index": 10, "sentence_index_neg": 0, "wf": "reɣ̌den", "wtype": "word"}, {"next_word": 13, "off_end": 65, "off_start": 64, "wf": ".", "wtype": "punct"}]}, {"lang": 0, "para_alignment": [{"off_end": 59, "off_start": 0, "para_id": 2}], "text": "2. Awo bafet bi mur tu, amo ce wuč nag kamkamek nïwïkeṣ di.", "words": [{"next_word": 1, "off_end": 2, "off_start": 0, "wf": "2.", "wtype": "punct"}, {"ana": [{"gloss": "weather", "gloss_index": "STEM{awo}-", "gr.pos": "n", "lex": "awo", "parts": "awo", "trans_en": "weather"}], "next_word": 2, "off_end": 6, "off_start": 3, "sentence_index": 0, "sentence_index_neg": 12, "wf": "Awo", "wtype": "word"}, {"ana": [{"gloss": "good=and", "gloss_index": "STEM{baf}-and{et}-", "gr.pos": "adj", "lex": "baf", "parts": "baf=et", "trans_en": "good"}], "next_word": 3, "off_end": 12, "off_start": 7, "sentence_index": 1, "sentence_index_neg": 11, "wf": "bafet", "wtype": "word"}, {"ana": [{"gloss": "without", "gloss_index": "STEM{bi}-", "gr.pos": "prep", "lex": "bi", "parts": "bi", "trans_en": "without"}], "next_word": 4, "off_end": 15, "off_start": 13, "sentence_index": 2, "sentence_index_neg": 10, "wf": "bi", "wtype": "word"}, {"ana": [{"gloss": "cloud", "gloss_index": "STEM{mur}-", "gr.pos": "n", "lex": "mur", "parts": "mur", "trans_en": "cloud"}], "next_word": 5, "off_end": 19, "off_start": 16, "sentence_index": 3, "sentence_index_neg": 9, "wf": "mur", "wtype": "word"}, {"ana": [{"gloss": "be:PST", "gloss_index": "STEM{tu}-", "gr.pos": "v", "lex": "tu", "parts": "tu", "trans_en": "be"}], "next_word": 6, "off_end": 22, "off_start": 20, "sentence_index": 4, "sentence_index_neg": 8, "wf": "tu", "wtype": "word"}, {"next_word": 7, "off_end": 23, "off_start": 22, "sentence_index": 5, "sentence_index_neg": 7, "wf": ",", "wtype": "punct"}, {"ana": [{"gloss": "but", "gloss_index": "STEM{amo}-", "gr.pos": "conn", "lex": "amo", "parts": "amo", "trans_en": "but"}], "next_word": 8, "off_end": 27, "off_start": 24, "sentence_index": 6, "sentence_index_neg": 6, "wf": "amo", "wtype": "word"}, {"ana": [{"gloss": "from", "gloss_index": "STEM{ce}-", "gr.pos": "prep", "lex": "ce", "parts": "ce", "trans_en": "from"}], "next_word": 9, "off_end": 30, "off_start": 28, "sentence_index": 7, "sentence_index_neg": 5, "wf": "ce", "wtype": "word"}, {"ana": [{"gloss": "up", "gloss_index": "STEM{wuč}-", "gr.pos": "adv", "lex": "wuč", "parts": "wuč", "trans_en": "up"}], "next_word": 10, "off_end": 34, "off_start": 31, "sentence_index": 8, "sentence_index_neg": 4, "wf": "wuč", "wtype": "word"}, {"ana": [{"gloss": "side", "gloss_index": "STEM{nag}-", "gr.pos": "n", "lex": "nag", "parts": "nag", "trans_en": "side"}], "next_word": 11, "off_end": 38, "off_start": 35, "sentence_index": 9, "sentence_index_neg": 3, "wf": "nag", "wtype": "word"}, {"ana": [{"gloss": "a.little", "gloss_index": "STEM{kamkamek}-", "gr.pos": "adv", "lex": "kamkamek", "parts": "kamkamek", "trans_en": "a"}], "next_word": 12, "off_end": 47, "off_start": 39, "sentence_index": 10, "sentence_index_neg": 2, "wf": "kamkamek", "wtype": "word"}, {"ana": [{"gloss": "wind=IPF", "gloss_index": "STEM{nïwïk}-IPF{eṣ}-", "gr.pos": "n", "lex": "nïwïk", "parts": "nïwïk=eṣ", "trans_en": "wind"}], "next_word": 13, "off_end": 55, "off_start": 48, "sentence_index": 11, "sentence_index_neg": 1, "wf": "nïwïkeṣ", "wtype": "word"}, {"ana": [{"gloss": "hit", "gloss_index": "STEM{di}-", "gr.pos": "v", "lex": "di", "parts": "di", "trans_en": "hit"}], "next_word": 14, "off_end": 58, "off_start": 56, "sentence_index": 12, "sentence_index_neg": 0, "wf": "di", "wtype": "word"}, {"next_word": 15, "off_end": 59, "off_start": 58, "wf": ".", "wtype": "punct"}]}, {"lang": 0, "para_alignment": [{"off_end": 40, "off_start": 0, "para_id": 3}], "text": "3. De ǰengal ɣ̌atenet x̌ï xurven vasten.", "words": [{"next_word": 1, "off_end": 2, "off_start": 0, "wf": "3.", "wtype": "punct"}, {"ana": [{"gloss": "in", "gloss_index": "STEM{de}-", "gr.pos": "prep", "lex": "de", "parts": "de", "trans_en": "in"}], "next_word": 2, "off_end": 5, "off_start": 3, "sentence_index": 0, "sentence_index_neg": 5, "wf": "De", "wtype": "word"}, {"ana": [{"gloss": "forest", "gloss_index": "STEM{ǰengal}-", "gr.pos": "n", "lex": "ǰengal", "parts": "ǰengal", "trans_en": "forest"}], "next_word": 3, "off_end": 12, "off_start": 6, "sentence_index": 1, "sentence_index_neg": 4, "wf": "ǰengal", "wtype": "word"}, {"ana": [{"gloss": "reach-PST=1PL=and", "gloss_index": "STEM{ɣ̌a}-PST{t}-1PL{en}-and{et}-", "gr.pos": "v", "lex": "ɣ̌a", "parts": "ɣ̌a-t=en=et", "trans_en": "reach"}], "next_word": 4, "off_end": 21, "off_start": 13, "sentence_index": 2, "sentence_index_neg": 3, "wf": "ɣ̌atenet", "wtype": "word"}, {"ana": [{"gloss": "P.REF", "gloss_index": "STEM{x̌ï}-", "gr.pos": "pro-form", "lex": "x̌ï", "parts": "x̌ï", "trans_en": "P"}], "next_word": 5, "off_end": 25, "off_start": 22, "sentence_index": 3, "sentence_index_neg": 2, "wf": "x̌ï", "wtype": "word"}, {"ana": [{"gloss": "donkey-Obl:PL=1PL", "gloss_index": "STEM{xur}-Obl:PL{v}-1PL{en}-", "gr.pos": "n", "lex": "xur", "parts": "xur-v=en", "trans_en": "donkey"}], "next_word": 6, "off_end": 32, "off_start": 26, "sentence_index": 4, "sentence_index_neg": 1, "wf": "xurven", "wtype": "word"}, {"ana": [{"gloss": "tie-PST=1PL", "gloss_index": "STEM{vas}-PST{t}-1PL{en}-", "gr.pos": "v", "lex": "vas", "parts": "vas-t=en", "trans_en": "tie"}], "next_word": 7, "off_end": 39, "off_start": 33, "sentence_index": 5, "sentence_index_neg": 0, "wf": "vasten", "wtype": "word"}, {"next_word": 8, "off_end": 40, "off_start": 39, "wf": ".", "wtype": "punct"}]}, {"lang": 0, "para_alignment": [{"off_end": 60, "off_start": 0, "para_id": 4}], "text": "4. ɣal iwi band ɣ̌uz nedyetuen ki, xurven aret bïf sar viti.", "words": [{"next_word": 1, "off_end": 2, "off_start": 0, "wf": "4.", "wtype": "punct"}, {"ana": [{"gloss": "yet", "gloss_index": "STEM{ɣal}-", "gr.pos": "adv", "lex": "ɣal", "parts": "ɣal", "trans_en": "yet"}], "next_word": 2, "off_end": 6, "off_start": 3, "sentence_index": 0, "sentence_index_neg": 11, "wf": "ɣal", "wtype": "word"}, {"ana": [{"gloss": "one-ACC", "gloss_index": "STEM{iw}-ACC{i}-", "gr.pos": "num", "lex": "iw", "parts": "iw-i", "trans_en": "one"}], "next_word": 3, "off_end": 10, "off_start": 7, "sentence_index": 1, "sentence_index_neg": 10, "wf": "iwi", "wtype": "word"}, {"ana": [{"gloss": "binding", "gloss_index": "STEM{band}-", "gr.pos": "n", "lex": "band", "parts": "band", "trans_en": "binding"}], "next_word": 4, "off_end": 15, "off_start": 11, "sentence_index": 2, "sentence_index_neg": 9, "wf": "band", "wtype": "word"}, {"ana": [{"gloss": "firewood", "gloss_index": "STEM{ɣ̌uz}-", "gr.pos": "n", "lex": "ɣ̌uz", "parts": "ɣ̌uz", "trans_en": "firewood"}], "next_word": 5, "off_end": 20, "off_start": 16, "sentence_index": 3, "sentence_index_neg": 8, "wf": "ɣ̌uz", "wtype": "word"}, {"ana": [{"gloss": "NEG-chop-PQP=1PL", "gloss_index": "NEG{ne}-STEM{dy}-PQP{etu}-1PL{en}-", "gr.pos": "v", "lex": "dy", "parts": "ne-dy-etu=en", "trans_en": "chop"}], "next_word": 6, "off_end": 30, "off_start": 21, "sentence_index": 4, "sentence_index_neg": 7, "wf": "nedyetuen", "wtype": "word"}, {"ana": [{"gloss": "CPL", "gloss_index": "STEM{ki}-", "gr.pos": "conn", "lex": "ki", "parts": "ki", "trans_en": "CPL"}], "next_word": 7, "off_end": 33, "off_start": 31, "sentence_index": 5, "sentence_index_neg": 6, "wf": "ki", "wtype": "word"}, {"next_word": 8, "off_end": 34, "off_start": 33, "sentence_index": 6, "sentence_index_neg": 5, "wf": ",", "wtype": "punct"}, {"ana": [{"gloss": "donkey-Obl:PL-ABL", "gloss_index": "STEM{xur}-Obl:PL{v}-ABL{en}-", "gr.pos": "n", "lex": "xur", "parts": "xur-v-en", "trans_en": "donkey"}], "next_word": 9, "off_end": 41, "off_start": 35, "sentence_index": 7, "sentence_index_neg": 4, "wf": "xurven", "wtype": "word"}, {"ana": [{"gloss": "bellow=and", "gloss_index": "STEM{ar}-and{et}-", "gr.pos": "n", "lex": "ar", "parts": "ar=et", "trans_en": "bellow"}], "next_word": 10, "off_end": 46, "off_start": 42, "sentence_index": 8, "sentence_index_neg": 3, "wf": "aret", "wtype": "word"}, {"ana": [{"gloss": "roar", "gloss_index": "STEM{bïf}-", "gr.pos": "n", "lex": "bïf", "parts": "bïf", "trans_en": "roar"}], "next_word": 11, "off_end": 50, "off_start": 47, "sentence_index": 9, "sentence_index_neg": 2, "wf": "bïf", "wtype": "word"}, {"ana": [{"gloss": "begin", "gloss_index": "STEM{sar}-", "gr.pos": ["NPred", "n"], "lex": "sar", "parts": "sar", "trans_en": "begin"}], "next_word": 12, "off_end": 54, "off_start": 51, "sentence_index": 10, "sentence_index_neg": 1, "wf": "sar", "wtype": "word"}, {"ana": [{"gloss": "LV-PST-PST", "gloss_index": "STEM{vi}-PST{t}-PST{i}-", "gr.pos": "v", "lex": "vi", "parts": "vi-t-i", "trans_en": "LV"}], "next_word": 13, "off_end": 59, "off_start": 55, "sentence_index": 11, "sentence_index_neg": 0, "wf": "viti", "wtype": "word"}, {"next_word": 14, "off_end": 60, "off_start": 59, "wf": ".", "wtype": "punct"}]}, {"lang": 0, "para_alignment": [{"off_end": 52, "off_start": 0, "para_id": 5}], "text": "5. Niv gesoges reɣ̌den ki, xurvi ṣaptiš qbalev kerk.", "words": [{"next_word": 1, "off_end": 2, "off_start": 0, "wf": "5.", "wtype": "punct"}, {"ana": [{"gloss": "now", "gloss_index": "STEM{niv}-", "gr.pos": "adv", "lex": "niv", "parts": "niv", "trans_en": "now"}], "next_word": 2, "off_end": 6, "off_start": 3, "sentence_index": 0, "sentence_index_neg": 8, "wf": "Niv", "wtype": "word"}, {"ana": [{"gloss": "running", "gloss_index": "STEM{gesoges}-", "gr.pos": "adv", "lex": "gesoges", "parts": "gesoges", "trans_en": "running"}], "next_word": 3, "off_end": 14, "off_start": 7, "sentence_index": 1, "sentence_index_neg": 7, "wf": "gesoges", "wtype": "word"}, {"ana": [{"gloss": "go-PST=1PL", "gloss_index": "STEM{reɣ̌}-PST{d}-1PL{en}-", "gr.pos": "v", "lex": "reɣ̌", "parts": "reɣ̌-d=en", "trans_en": "go"}], "next_word": 4, "off_end": 22, "off_start": 15, "sentence_index": 2, "sentence_index_neg": 6, "wf": "reɣ̌den", "wtype": "word"}, {"ana": [{"gloss": "CPL", "gloss_index": "STEM{ki}-", "gr.pos": "conn", "lex": "ki", "parts": "ki", "trans_en": "CPL"}], "next_word": 5, "off_end": 25, "off_start": 23, "sentence_index": 3, "sentence_index_neg": 5, "wf": "ki", "wtype": "word"}, {"next_word": 6, "off_end": 26, "off_start": 25, "sentence_index": 4, "sentence_index_neg": 4, "wf": ",", "wtype": "punct"}, {"ana": [{"gloss": "donkey-Obl:PL-ACC", "gloss_index": "STEM{xur}-Obl:PL{v}-ACC{i}-", "gr.pos": "n", "lex": "xur", "parts": "xur-v-i", "trans_en": "donkey"}], "next_word": 7, "off_end": 32, "off_start": 27, "sentence_index": 5, "sentence_index_neg": 3, "wf": "xurvi", "wtype": "word"}, {"ana": [{"gloss": "wolf-N:PL", "gloss_index": "STEM{ṣapt}-N:PL{iš}-", "gr.pos": "n", "lex": "ṣapt", "parts": "ṣapt-iš", "trans_en": "wolf"}], "next_word": 8, "off_end": 39, "off_start": 33, "sentence_index": 6, "sentence_index_neg": 2, "wf": "ṣaptiš", "wtype": "word"}, {"ana": [{"gloss": "surround=2/3PL", "gloss_index": "STEM{qbal}-2/3PL{ev}-", "gr.pos": ["NPred", "n"], "lex": "qbal", "parts": "qbal=ev", "trans_en": "surround"}], "next_word": 9, "off_end": 46, "off_start": 40, "sentence_index": 7, "sentence_index_neg": 1, "wf": "qbalev", "wtype": "word"}, {"ana": [{"gloss": "LV-EV", "gloss_index": "STEM{ker}-EV{k}-", "gr.pos": "v", "lex": "ker", "parts": "ker-k", "trans_en": "LV"}], "next_word": 10, "off_end": 51, "off_start": 47, "sentence_index": 8, "sentence_index_neg": 0, "wf": "kerk", "wtype": "word"}, {"next_word": 11, "off_end": 52, "off_start": 51, "wf": ".", "wtype": "punct"}]}, {"lang": 0, "para_alignment": [{"off_end": 71, "off_start": 0, "para_id": 6}], "text": "6. Sak be waɣdenet de ɣ̌arenet ṣungen, de x̌ï tparven ṣaptvi ay kerten.", "words": [{"next_word": 1, "off_end": 2, "off_start": 0, "wf": "6.", "wtype": "punct"}, {"ana": [{"gloss": "Pr.1PL", "gloss_index": "STEM{sak}-", "gr.pos": "pro", "lex": "sak", "parts": "sak", "trans_en": "Pr"}], "next_word": 2, "off_end": 6, "off_start": 3, "sentence_index": 0, "sentence_index_neg": 12, "wf": "Sak", "wtype": "word"}, {"ana": [{"gloss": "ADD", "gloss_index": "STEM{be}-", "gr.pos": "prt", "lex": "be", "parts": "be", "trans_en": "ADD"}], "next_word": 3, "off_end": 9, "off_start": 7, "sentence_index": 1, "sentence_index_neg": 11, "wf": "be", "wtype": "word"}, {"ana": [{"gloss": "shout-PST=1PL=and", "gloss_index": "STEM{waɣ}-PST{d}-1PL{en}-and{et}-", "gr.pos": "v", "lex": "waɣ", "parts": "waɣ-d=en=et", "trans_en": "shout"}], "next_word": 4, "off_end": 18, "off_start": 10, "sentence_index": 2, "sentence_index_neg": 10, "wf": "waɣdenet", "wtype": "word"}, {"ana": [{"gloss": "with", "gloss_index": "STEM{de}-", "gr.pos": "prep", "lex": "de", "parts": "de", "trans_en": "with"}], "next_word": 5, "off_end": 21, "off_start": 19, "sentence_index": 3, "sentence_index_neg": 9, "wf": "de", "wtype": "word"}, {"ana": [{"gloss": "stone-ABL=and", "gloss_index": "STEM{ɣ̌ar}-ABL{en}-and{et}-", "gr.pos": "n", "lex": "ɣ̌ar", "parts": "ɣ̌ar-en=et", "trans_en": "stone"}], "next_word": 6, "off_end": 30, "off_start": 22, "sentence_index": 4, "sentence_index_neg": 8, "wf": "ɣ̌arenet", "wtype": "word"}, {"ana": [{"gloss": "wood-ABL", "gloss_index": "STEM{ṣung}-ABL{en}-", "gr.pos": "n", "lex": "ṣung", "parts": "ṣung-en", "trans_en": "wood"}], "next_word": 7, "off_end": 37, "off_start": 31, "sentence_index": 5, "sentence_index_neg": 7, "wf": "ṣungen", "wtype": "word"}, {"next_word": 8, "off_end": 38, "off_start": 37, "sentence_index": 6, "sentence_index_neg": 6, "wf": ",", "wtype": "punct"}, {"ana": [{"gloss": "with", "gloss_index": "STEM{de}-", "gr.pos": "prep", "lex": "de", "parts": "de", "trans_en": "with"}], "next_word": 9, "off_end": 41, "off_start": 39, "sentence_index": 7, "sentence_index_neg": 5, "wf": "de", "wtype": "word"}, {"ana": [{"gloss": "P.REF", "gloss_index": "STEM{x̌ï}-", "gr.pos": "pro-form", "lex": "x̌ï", "parts": "x̌ï", "trans_en": "P"}], "next_word": 10, "off_end": 45, "off_start": 42, "sentence_index": 8, "sentence_index_neg": 4, "wf": "x̌ï", "wtype": "word"}, {"ana": [{"gloss": "axe-Obl:PL-ABL", "gloss_index": "STEM{tpar}-Obl:PL{v}-ABL{en}-", "gr.pos": "n", "lex": "tpar", "parts": "tpar-v-en", "trans_en": "axe"}], "next_word": 11, "off_end": 53, "off_start": 46, "sentence_index": 9, "sentence_index_neg": 3, "wf": "tparven", "wtype": "word"}, {"ana": [{"gloss": "wolf-Obl:PL-ACC", "gloss_index": "STEM{ṣapt}-Obl:PL{v}-ACC{i}-", "gr.pos": "n", "lex": "ṣapt", "parts": "ṣapt-v-i", "trans_en": "wolf"}], "next_word": 12, "off_end": 60, "off_start": 54, "sentence_index": 10, "sentence_index_neg": 2, "wf": "ṣaptvi", "wtype": "word"}, {"ana": [{"gloss": "chase", "gloss_index": "STEM{ay}-", "gr.pos": "NPred", "lex": "ay", "parts": "ay", "trans_en": "chase"}], "next_word": 13, "off_end": 63, "off_start": 61, "sentence_index": 11, "sentence_index_neg": 1, "wf": "ay", "wtype": "word"}, {"ana": [{"gloss": "LV-PST=1PL", "gloss_index": "STEM{ker}-PST{t}-1PL{en}-", "gr.pos": "v", "lex": "ker", "parts": "ker-t=en", "trans_en": "LV"}], "next_word": 14, "off_end": 70, "off_start": 64, "sentence_index": 12, "sentence_index_neg": 0, "wf": "kerten", "wtype": "word"}, {"next_word": 15, "off_end": 71, "off_start": 70, "wf": ".", "wtype": "punct"}]}, {"lang": 0, "para_alignment": [{"off_end": 16, "off_start": 0, "para_id": 7}], "text": "7. Ṣaptiš renev.", "words": [{"next_word": 1, "off_end": 2, "off_start": 0, "wf": "7.", "wtype": "punct"}, {"ana": [{"gloss": "wolf-N:PL", "gloss_index": "STEM{ṣapt}-N:PL{iš}-", "gr.pos": "n", "lex": "ṣapt", "parts": "ṣapt-iš", "trans_en": "wolf"}], "next_word": 2, "off_end": 9, "off_start": 3, "sentence_index": 0, "sentence_index_neg": 1, "wf": "Ṣaptiš", "wtype": "word"}, {"ana": [{"gloss": "ran.away-PST=2/3PL", "gloss_index": "STEM{re}-PST{n}-2/3PL{ev}-", "gr.pos": "v", "lex": "re", "parts": "re-n=ev", "trans_en": "ran"}], "next_word": 3, "off_end": 15, "off_start": 10, "sentence_index": 1, "sentence_index_neg": 0, "wf": "renev", "wtype": "word"}, {"next_word": 4, "off_end": 16, "off_start": 15, "wf": ".", "wtype": "punct"}]}, {"lang": 0, "para_alignment": [{"off_end": 43, "off_start": 0, "para_id": 8}], "text": "8. Sak bebafiɣ̌ ɣ̌uz deytenet pšeten xuner.", "words": [{"next_word": 1, "off_end": 2, "off_start": 0, "wf": "8.", "wtype": "punct"}, {"ana": [{"gloss": "Pr.1PL", "gloss_index": "STEM{sak}-", "gr.pos": "pro", "lex": "sak", "parts": "sak", "trans_en": "Pr"}], "next_word": 2, "off_end": 6, "off_start": 3, "sentence_index": 0, "sentence_index_neg": 5, "wf": "Sak", "wtype": "word"}, {"ana": [{"gloss": "easily", "gloss_index": "STEM{bebafiɣ̌}-", "gr.pos": "adv", "lex": "bebafiɣ̌", "parts": "bebafiɣ̌", "trans_en": "easily"}], "next_word": 3, "off_end": 15, "off_start": 7, "sentence_index": 1, "sentence_index_neg": 4, "wf": "bebafiɣ̌", "wtype": "word"}, {"ana": [{"gloss": "firewood", "gloss_index": "STEM{ɣ̌uz}-", "gr.pos": "n", "lex": "ɣ̌uz", "parts": "ɣ̌uz", "trans_en": "firewood"}], "next_word": 4, "off_end": 20, "off_start": 16, "sentence_index": 2, "sentence_index_neg": 3, "wf": "ɣ̌uz", "wtype": "word"}, {"ana": [{"gloss": "chop-PST=1PL=and", "gloss_index": "STEM{dey}-PST{t}-1PL{en}-and{et}-", "gr.pos": "v", "lex": "dey", "parts": "dey-t=en=et", "trans_en": "chop"}], "next_word": 5, "off_end": 29, "off_start": 21, "sentence_index": 3, "sentence_index_neg": 2, "wf": "deytenet", "wtype": "word"}, {"ana": [{"gloss": "return-PST=1PL", "gloss_index": "STEM{pše}-PST{t}-1PL{en}-", "gr.pos": ["v", "verbprt"], "lex": "pše", "parts": "pše-t=en", "trans_en": "return"}], "next_word": 6, "off_end": 36, "off_start": 30, "sentence_index": 4, "sentence_index_neg": 1, "wf": "pšeten", "wtype": "word"}, {"ana": [{"gloss": "house-LAT", "gloss_index": "STEM{xun}-LAT{er}-", "gr.pos": "n", "lex": "xun", "parts": "xun-er", "trans_en": "house"}], "next_word": 7, "off_end": 42, "off_start": 37, "sentence_index": 5, "sentence_index_neg": 0, "wf": "xuner", "wtype": "word"}, {"next_word": 8, "off_end": 43, "off_start": 42, "wf": ".", "wtype": "punct"}]}]}