{
  "wakhi": {
   "1": "pers",
    "2": "pers",
    "3": "pers",
    "A": "pos",
    "POST": "pos",
    "PART": "pos",
    "INTERJ": "pos",
    "ADV": "pos",
    "CONJ": "pos",
    "N": "pos",
    "NUM": "pos",
    "PREP": "pos",
    "PRO": "pos",
    "PREDIC": "pos",
    "PRED": "pos",
    "V": "pos",
    "rel_n": "nType",
    "rel_adj": "adjType",
    "topn": "nType",
    "famn": "nType",
    "anim": "nType",
    "hum": "nType",
    "supernat": "nType",
    "transport": "nType",
    "body": "nType",
    "persn": "nType",
    "patrn": "nType",
    "vn": "nType",
    "nloc": "nType",
    "obl": "stemType",
    "dem": "proType",
    "pers": "proType",
    "refl": "proType",
    "acc": "case",
    "gen": "case",
    "gen2": "case",
    "nom": "case",
    "dat": "case",
    "ins": "case",
    "loc": "case",
    "ill": "case",
    "el": "case",
    "egr": "case",
    "term": "case",
    "car": "case",
    "app": "case",
    "rcs": "case",
    "prol": "case",
    "adv": "case",
    "dms": "case",
    "prs": "tense",
    "pst": "tense",
    "pst2": "tense",
    "fut": "tense",
    "pl": "number",
    "sg": "number",
    "ptcp": "v_form",
    "cvb": "v_form",
    "neg": "v_form",
    "perf": "ptcp_form",
    "deb": "v_form",
    "lim": "cnv_form",
    "simult": "cnv_form",
    "res": "cnv_form",
    "mon": "cnv_form",
    "dur": "cnv_form",
    "imp": "v_form",
    "prh": "v_form",
    "inf": "v_form",
    "I": "conjtype",
    "II": "conjtype",
    "iter": "v_deriv",
    "act": "ptcp_form",
    "pass": "ptcp_form",
    "detr": "v_deriv",
    "caus": "v_deriv",
    "attr": "attributivizer",
    "attr_o": "attributivizer",
    "attr_em": "attributivizer",
    "attr_tem": "attributivizer",
    "intensifier": "case_c",
    "poss_comp": "case_c",
    "case_comp": "n_deriv",
    "1sg": "poss",
    "2sg": "poss",
    "3sg": "poss",
    "1pl": "poss",
    "2pl": "poss",
    "3pl": "poss",
    "comp": "comp",
    "ord": "num_deriv",
    "coll": "num_deriv",
    "distr": "num_deriv",
    "subj": "mood"
  },
  "enslish": {
  }
}
  
 