﻿<?xml version="1.0" encoding="utf-8"?>
<document xsi:noNamespaceSchemaLocation="file:FlexInterlinear.xsd" xmlns:xsi="http://www.w3.org/2001/XMLSchema-instance">
  <interlinear-text guid="6d007196-6c59-4f39-9df8-f4bdcfb0f79d">
    <item type="title" lang="en">Wolves</item>
    <paragraphs>
      <paragraph>
        <phrases>
          <word><words>
              <word><item type="txt" lang="wbl">Ircraxi</item><item type="gls" lang="en">sunshine</item><item type="pos" lang="en">n</item><morphemes>
                  <morph type="stem" guid="d7f713e8-e8cf-11d3-9764-00c04f186933">
                    <item type="txt" lang="wbl">ir</item>
                    <item type="cf" lang="wbl">yir</item>
                    <item type="gls" lang="en">sun</item>
                    <item type="msa" lang="en">n</item>
                  </morph>
                  <morph type="stem" guid="d7f713e8-e8cf-11d3-9764-00c04f186933">
                    <item type="txt" lang="wbl">craxi</item>
                    <item type="cf" lang="wbl">ceraxi</item>
                    <item type="gls" lang="en">shine</item>
                    <item type="msa" lang="en">n</item>
                  </morph>
                </morphemes></word>
              <word><item type="txt" lang="wbl">wuzet</item><item type="gls" lang="en">Pr.1SG:N=and</item><item type="pos" lang="en">conn</item><morphemes>
                  <morph type="stem" guid="d7f713e8-e8cf-11d3-9764-00c04f186933">
                    <item type="txt" lang="wbl">wuz</item>
                    <item type="cf" lang="wbl">wuz</item>
                    <item type="gls" lang="en">Pr.1SG:N</item>
                    <item type="msa" lang="en">pro</item>
                  </morph>
                  <morph type="enclitic" guid="d7f713e1-e8cf-11d3-9764-00c04f186933">
                    <item type="txt" lang="wbl">=et</item>
                    <item type="cf" lang="wbl">=et</item>
                    <item type="hn" lang="wbl">1</item>
                    <item type="gls" lang="en">=and</item>
                    <item type="msa" lang="en">conn</item>
                  </morph>
                </morphemes></word>
              <word><item type="txt" lang="wbl">ẓï</item><item type="gls" lang="en">P.1SG</item><item type="pos" lang="en">pro</item><morphemes>
                  <morph type="stem" guid="d7f713e8-e8cf-11d3-9764-00c04f186933">
                    <item type="txt" lang="wbl">ẓï</item>
                    <item type="cf" lang="wbl">ẓï</item>
                    <item type="gls" lang="en">P.1SG</item>
                    <item type="msa" lang="en">pro</item>
                  </morph>
                </morphemes></word>
              <word><item type="txt" lang="wbl">rcopc</item><item type="gls" lang="en">cousin</item><item type="pos" lang="en">n</item><morphemes>
                  <morph type="stem" guid="d7f713e8-e8cf-11d3-9764-00c04f186933">
                    <item type="txt" lang="wbl">rcopc</item>
                    <item type="cf" lang="wbl">recopc</item>
                    <item type="gls" lang="en">cousin</item>
                    <item type="msa" lang="en">adj</item>
                  </morph>
                </morphemes></word>
              <word><item type="txt" lang="wbl">de</item><item type="gls" lang="en">with</item><item type="pos" lang="en">prep</item><morphemes>
                  <morph type="stem" guid="d7f713e8-e8cf-11d3-9764-00c04f186933">
                    <item type="txt" lang="wbl">de</item>
                    <item type="cf" lang="wbl">de</item>
                    <item type="gls" lang="en">with</item>
                    <item type="msa" lang="en">prep</item>
                  </morph>
                </morphemes></word>
              <word><item type="txt" lang="wbl">bu</item><item type="gls" lang="en">two</item><item type="pos" lang="en">num</item><morphemes>
                  <morph type="stem" guid="d7f713e8-e8cf-11d3-9764-00c04f186933">
                    <item type="txt" lang="wbl">bu</item>
                    <item type="cf" lang="wbl">buy</item>
                    <item type="gls" lang="en">two</item>
                    <item type="msa" lang="en">num</item>
                  </morph>
                </morphemes></word>
              <word><item type="txt" lang="wbl">xuren</item><item type="gls" lang="en">donkey</item><item type="pos" lang="en">n</item><morphemes>
                  <morph type="stem" guid="d7f713e8-e8cf-11d3-9764-00c04f186933">
                    <item type="txt" lang="wbl">xur</item>
                    <item type="cf" lang="wbl">xur</item>
                    <item type="gls" lang="en">donkey</item>
                    <item type="msa" lang="en">n</item>
                  </morph>
                  <morph type="suffix" guid="d7f713dd-e8cf-11d3-9764-00c04f186933">
                    <item type="txt" lang="wbl">-en</item>
                    <item type="cf" lang="wbl">-en</item>
                    <item type="hn" lang="wbl">2</item>
                    <item type="gls" lang="en">ABL</item>
                    <item type="msa" lang="en">n:Any</item>
                  </morph>
                </morphemes></word>
              <word><item type="txt" lang="wbl">ter</item><item type="gls" lang="en">to</item><item type="pos" lang="en">prep</item><morphemes>
                  <morph type="stem" guid="d7f713e8-e8cf-11d3-9764-00c04f186933">
                    <item type="txt" lang="wbl">ter</item>
                    <item type="cf" lang="wbl">ter</item>
                    <item type="gls" lang="en">to</item>
                    <item type="msa" lang="en">prep</item>
                  </morph>
                </morphemes></word>
              <word><item type="txt" lang="wbl">ǰengal</item><item type="gls" lang="en">forest</item><item type="pos" lang="en">n</item><morphemes>
                  <morph type="stem" guid="d7f713e8-e8cf-11d3-9764-00c04f186933">
                    <item type="txt" lang="wbl">ǰengal</item>
                    <item type="cf" lang="wbl">ǰengal</item>
                    <item type="gls" lang="en">forest</item>
                    <item type="msa" lang="en">n</item>
                  </morph>
                </morphemes></word>
              <word><item type="txt" lang="wbl">ɣ̌uzerk</item><item type="gls" lang="en">firewood</item><item type="pos" lang="en">n</item><morphemes>
                  <morph type="stem" guid="d7f713e8-e8cf-11d3-9764-00c04f186933">
                    <item type="txt" lang="wbl">ɣ̌uz</item>
                    <item type="cf" lang="wbl">ɣ̌uz</item>
                    <item type="gls" lang="en">firewood</item>
                    <item type="msa" lang="en">n</item>
                  </morph>
                  <morph type="suffix" guid="d7f713dd-e8cf-11d3-9764-00c04f186933">
                    <item type="txt" lang="wbl">-erk</item>
                    <item type="cf" lang="wbl">-erk</item>
                    <item type="gls" lang="en">PURP</item>
                    <item type="msa" lang="en">n:Any</item>
                  </morph>
                </morphemes></word>
              <word><item type="txt" lang="wbl">reɣ̌den</item><item type="gls" lang="en">go.PST.1PL</item><item type="pos" lang="en">v</item><morphemes>
                  <morph type="stem" guid="d7f713e8-e8cf-11d3-9764-00c04f186933">
                    <item type="txt" lang="wbl">reɣ̌</item>
                    <item type="cf" lang="wbl">rec̣</item>
                    <item type="gls" lang="en">go</item>
                    <item type="msa" lang="en">v</item>
                  </morph>
                  <morph type="suffix" guid="d7f713dd-e8cf-11d3-9764-00c04f186933">
                    <item type="txt" lang="wbl">-d</item>
                    <item type="cf" lang="wbl">-t</item>
                    <item type="hn" lang="wbl">2</item>
                    <item type="gls" lang="en">PST</item>
                    <item type="msa" lang="en">v:Any</item>
                  </morph>
                  <morph type="enclitic" guid="d7f713e1-e8cf-11d3-9764-00c04f186933">
                    <item type="txt" lang="wbl">=en</item>
                    <item type="cf" lang="wbl">=en</item>
                    <item type="gls" lang="en">=1PL</item>
                    <item type="msa" lang="en">verbprt</item>
                  </morph>
                </morphemes></word>
              <word><item type="punct" lang="wbl">.</item></word>
            </words><item type="segnum" lang="en">1</item><item type="gls" lang="en">At sunrise, I and my cousin with two donkeys went to the forest for firewood.</item></word>
        </phrases>
      </paragraph>
      <paragraph>
        <phrases>
          <word><words>
              <word><item type="txt" lang="wbl">Awo</item><item type="gls" lang="en">weather</item><item type="pos" lang="en">n</item><morphemes>
                  <morph type="stem" guid="d7f713e8-e8cf-11d3-9764-00c04f186933">
                    <item type="txt" lang="wbl">awo</item>
                    <item type="cf" lang="wbl">awo</item>
                    <item type="gls" lang="en">weather</item>
                    <item type="msa" lang="en">n</item>
                  </morph>
                </morphemes></word>
              <word><item type="txt" lang="wbl">bafet</item><item type="gls" lang="en">good</item><item type="pos" lang="en">adj</item><morphemes>
                  <morph type="stem" guid="d7f713e8-e8cf-11d3-9764-00c04f186933">
                    <item type="txt" lang="wbl">baf</item>
                    <item type="cf" lang="wbl">baf</item>
                    <item type="gls" lang="en">good</item>
                    <item type="msa" lang="en">adj</item>
                  </morph>
                  <morph type="enclitic" guid="d7f713e1-e8cf-11d3-9764-00c04f186933">
                    <item type="txt" lang="wbl">=et</item>
                    <item type="cf" lang="wbl">=et</item>
                    <item type="hn" lang="wbl">1</item>
                    <item type="gls" lang="en">=and</item>
                    <item type="msa" lang="en">conn</item>
                  </morph>
                </morphemes></word>
              <word><item type="txt" lang="wbl">bi</item><item type="gls" lang="en">without</item><item type="pos" lang="en">prep</item><morphemes>
                  <morph type="stem" guid="d7f713e8-e8cf-11d3-9764-00c04f186933">
                    <item type="txt" lang="wbl">bi</item>
                    <item type="cf" lang="wbl">bi</item>
                    <item type="gls" lang="en">without</item>
                    <item type="msa" lang="en">prep</item>
                  </morph>
                </morphemes></word>
              <word><item type="txt" lang="wbl">mur</item><item type="gls" lang="en">cloud</item><item type="pos" lang="en">n</item><morphemes>
                  <morph type="stem" guid="d7f713e8-e8cf-11d3-9764-00c04f186933">
                    <item type="txt" lang="wbl">mur</item>
                    <item type="cf" lang="wbl">mur</item>
                    <item type="gls" lang="en">cloud</item>
                    <item type="msa" lang="en">n</item>
                  </morph>
                </morphemes></word>
              <word><item type="txt" lang="wbl">tu</item><item type="pos" lang="en">v</item><morphemes>
                  <morph type="stem" guid="d7f713e8-e8cf-11d3-9764-00c04f186933">
                    <item type="txt" lang="wbl">tu</item>
                    <item type="cf" lang="wbl">tu</item>
                    <item type="hn" lang="wbl">2</item>
                    <item type="gls" lang="en">be:PST</item>
                    <item type="msa" lang="en">v</item>
                  </morph>
                </morphemes></word>
              <word><item type="punct" lang="wbl">,</item></word>
              <word><item type="txt" lang="wbl">amo</item><item type="pos" lang="en">conn</item><morphemes>
                  <morph type="stem" guid="d7f713e8-e8cf-11d3-9764-00c04f186933">
                    <item type="txt" lang="wbl">amo</item>
                    <item type="cf" lang="wbl">amo</item>
                    <item type="gls" lang="en">but</item>
                    <item type="msa" lang="en">conn</item>
                  </morph>
                </morphemes></word>
              <word><item type="txt" lang="wbl">ce</item><item type="pos" lang="en">prep</item><morphemes>
                  <morph type="stem" guid="d7f713e8-e8cf-11d3-9764-00c04f186933">
                    <item type="txt" lang="wbl">ce</item>
                    <item type="cf" lang="wbl">ce</item>
                    <item type="hn" lang="wbl">1</item>
                    <item type="gls" lang="en">from</item>
                    <item type="msa" lang="en">prep</item>
                  </morph>
                </morphemes></word>
              <word><item type="txt" lang="wbl">wuč</item><item type="pos" lang="en">adv</item><morphemes>
                  <morph type="stem" guid="d7f713e8-e8cf-11d3-9764-00c04f186933">
                    <item type="txt" lang="wbl">wuč</item>
                    <item type="cf" lang="wbl">wuč</item>
                    <item type="gls" lang="en">up</item>
                    <item type="msa" lang="en">adv</item>
                  </morph>
                </morphemes></word>
              <word><item type="txt" lang="wbl">nag</item><item type="pos" lang="en">n</item><morphemes>
                  <morph type="stem" guid="d7f713e8-e8cf-11d3-9764-00c04f186933">
                    <item type="txt" lang="wbl">nag</item>
                    <item type="cf" lang="wbl">nag</item>
                    <item type="gls" lang="en">side</item>
                    <item type="msa" lang="en">n</item>
                  </morph>
                </morphemes></word>
              <word><item type="txt" lang="wbl">kamkamek</item><item type="pos" lang="en">adv</item><morphemes>
                  <morph type="stem" guid="d7f713e8-e8cf-11d3-9764-00c04f186933">
                    <item type="txt" lang="wbl">kamkamek</item>
                    <item type="cf" lang="wbl">kamkamek</item>
                    <item type="gls" lang="en">a.little</item>
                    <item type="msa" lang="en">adv</item>
                  </morph>
                </morphemes></word>
              <word><item type="txt" lang="wbl">nïwïkeṣ</item><morphemes>
                  <morph type="stem" guid="d7f713e8-e8cf-11d3-9764-00c04f186933">
                    <item type="txt" lang="wbl">nïwïk</item>
                    <item type="cf" lang="wbl">nïwïk</item>
                    <item type="gls" lang="en">wind</item>
                    <item type="msa" lang="en">n</item>
                  </morph>
                  <morph type="enclitic" guid="d7f713e1-e8cf-11d3-9764-00c04f186933">
                    <item type="txt" lang="wbl">=eṣ</item>
                    <item type="cf" lang="wbl">=eṣ</item>
                    <item type="gls" lang="en">=IPF</item>
                    <item type="msa" lang="en">prt</item>
                  </morph>
                </morphemes></word>
              <word><item type="txt" lang="wbl">di</item><item type="gls" lang="en">hit</item><item type="pos" lang="en">v</item><morphemes>
                  <morph type="stem" guid="d7f713e8-e8cf-11d3-9764-00c04f186933">
                    <item type="txt" lang="wbl">di</item>
                    <item type="cf" lang="wbl">di</item>
                    <item type="gls" lang="en">hit</item>
                    <item type="msa" lang="en">v</item>
                  </morph>
                </morphemes></word>
              <word><item type="punct" lang="wbl">.</item></word>
            </words><item type="segnum" lang="en">2</item><item type="gls" lang="en">The weather was good and clear, but wind was blowing from the upper end a little bit. </item></word>
        </phrases>
      </paragraph>
      <paragraph>
        <phrases>
          <word><words>
              <word><item type="txt" lang="wbl">De</item><item type="gls" lang="en">in</item><item type="pos" lang="en">prep</item><morphemes>
                  <morph type="stem" guid="d7f713e8-e8cf-11d3-9764-00c04f186933">
                    <item type="txt" lang="wbl">de</item>
                    <item type="cf" lang="wbl">de</item>
                    <item type="gls" lang="en">in</item>
                    <item type="msa" lang="en">prep</item>
                  </morph>
                </morphemes></word>
              <word><item type="txt" lang="wbl">ǰengal</item><item type="gls" lang="en">forest</item><item type="pos" lang="en">n</item><morphemes>
                  <morph type="stem" guid="d7f713e8-e8cf-11d3-9764-00c04f186933">
                    <item type="txt" lang="wbl">ǰengal</item>
                    <item type="cf" lang="wbl">ǰengal</item>
                    <item type="gls" lang="en">forest</item>
                    <item type="msa" lang="en">n</item>
                  </morph>
                </morphemes></word>
              <word><item type="txt" lang="wbl">ɣ̌atenet</item><item type="gls" lang="en">reached</item><item type="pos" lang="en">v</item><morphemes>
                  <morph type="stem" guid="d7f713e8-e8cf-11d3-9764-00c04f186933">
                    <item type="txt" lang="wbl">ɣ̌a</item>
                    <item type="cf" lang="wbl">ɣ̌at</item>
                    <item type="gls" lang="en">reach</item>
                    <item type="msa" lang="en">v</item>
                  </morph>
                  <morph type="suffix" guid="d7f713dd-e8cf-11d3-9764-00c04f186933">
                    <item type="txt" lang="wbl">-t</item>
                    <item type="cf" lang="wbl">-t</item>
                    <item type="hn" lang="wbl">2</item>
                    <item type="gls" lang="en">PST</item>
                    <item type="msa" lang="en">v:Any</item>
                  </morph>
                  <morph type="enclitic" guid="d7f713e1-e8cf-11d3-9764-00c04f186933">
                    <item type="txt" lang="wbl">=en</item>
                    <item type="cf" lang="wbl">=en</item>
                    <item type="gls" lang="en">=1PL</item>
                    <item type="msa" lang="en">verbprt</item>
                  </morph>
                  <morph type="enclitic" guid="d7f713e1-e8cf-11d3-9764-00c04f186933">
                    <item type="txt" lang="wbl">=et</item>
                    <item type="cf" lang="wbl">=et</item>
                    <item type="hn" lang="wbl">1</item>
                    <item type="gls" lang="en">=and</item>
                    <item type="msa" lang="en">conn</item>
                  </morph>
                </morphemes></word>
              <word><item type="txt" lang="wbl">x̌ï</item><item type="gls" lang="en">P.REF</item><item type="pos" lang="en">pro-form</item><morphemes>
                  <morph type="stem" guid="d7f713e8-e8cf-11d3-9764-00c04f186933">
                    <item type="txt" lang="wbl">x̌ï</item>
                    <item type="cf" lang="wbl">x̌ï</item>
                    <item type="gls" lang="en">P.REF</item>
                    <item type="msa" lang="en">pro-form</item>
                  </morph>
                </morphemes></word>
              <word><item type="txt" lang="wbl">xurven</item><item type="gls" lang="en">donkey</item><item type="pos" lang="en">n</item><morphemes>
                  <morph type="stem" guid="d7f713e8-e8cf-11d3-9764-00c04f186933">
                    <item type="txt" lang="wbl">xur</item>
                    <item type="cf" lang="wbl">xur</item>
                    <item type="gls" lang="en">donkey</item>
                    <item type="msa" lang="en">n</item>
                  </morph>
                  <morph type="suffix" guid="d7f713dd-e8cf-11d3-9764-00c04f186933">
                    <item type="txt" lang="wbl">-v</item>
                    <item type="cf" lang="wbl">-ev</item>
                    <item type="hn" lang="wbl">1</item>
                    <item type="gls" lang="en">Obl:PL</item>
                    <item type="msa" lang="en">n:Any</item>
                  </morph>
                  <morph type="enclitic" guid="d7f713e1-e8cf-11d3-9764-00c04f186933">
                    <item type="txt" lang="wbl">=en</item>
                    <item type="cf" lang="wbl">=en</item>
                    <item type="gls" lang="en">=1PL</item>
                    <item type="msa" lang="en">verbprt</item>
                  </morph>
                </morphemes></word>
              <word><item type="txt" lang="wbl">vasten</item><item type="gls" lang="en">tied</item><item type="pos" lang="en">v</item><morphemes>
                  <morph type="stem" guid="d7f713e8-e8cf-11d3-9764-00c04f186933">
                    <item type="txt" lang="wbl">vas</item>
                    <item type="cf" lang="wbl">vand</item>
                    <item type="gls" lang="en">tie</item>
                    <item type="msa" lang="en">v</item>
                  </morph>
                  <morph type="suffix" guid="d7f713dd-e8cf-11d3-9764-00c04f186933">
                    <item type="txt" lang="wbl">-t</item>
                    <item type="cf" lang="wbl">-t</item>
                    <item type="hn" lang="wbl">2</item>
                    <item type="gls" lang="en">PST</item>
                    <item type="msa" lang="en">v:Any</item>
                  </morph>
                  <morph type="enclitic" guid="d7f713e1-e8cf-11d3-9764-00c04f186933">
                    <item type="txt" lang="wbl">=en</item>
                    <item type="cf" lang="wbl">=en</item>
                    <item type="gls" lang="en">=1PL</item>
                    <item type="msa" lang="en">verbprt</item>
                  </morph>
                </morphemes></word>
              <word><item type="punct" lang="wbl">.</item></word>
            </words><item type="segnum" lang="en">3</item><item type="gls" lang="en">We arrived at the forest and tied our donkeys.</item></word>
        </phrases>
      </paragraph>
      <paragraph>
        <phrases>
          <word><words>
              <word><item type="txt" lang="wbl">ɣal</item><item type="gls" lang="en">yet</item><item type="pos" lang="en">adv</item><morphemes>
                  <morph type="stem" guid="d7f713e8-e8cf-11d3-9764-00c04f186933">
                    <item type="txt" lang="wbl">ɣal</item>
                    <item type="cf" lang="wbl">ɣal</item>
                    <item type="gls" lang="en">yet</item>
                    <item type="msa" lang="en">adv</item>
                  </morph>
                </morphemes></word>
              <word><item type="txt" lang="wbl">iwi</item><item type="gls" lang="en">one</item><item type="pos" lang="en">num</item><morphemes>
                  <morph type="stem" guid="d7f713e8-e8cf-11d3-9764-00c04f186933">
                    <item type="txt" lang="wbl">iw</item>
                    <item type="cf" lang="wbl">yiw</item>
                    <item type="gls" lang="en">one</item>
                    <item type="msa" lang="en">num</item>
                  </morph>
                  <morph type="suffix" guid="d7f713dd-e8cf-11d3-9764-00c04f186933">
                    <item type="txt" lang="wbl">-i</item>
                    <item type="cf" lang="wbl">-ey</item>
                    <item type="hn" lang="wbl">1</item>
                    <item type="gls" lang="en">ACC</item>
                    <item type="msa" lang="en">n:Any</item>
                  </morph>
                </morphemes></word>
              <word><item type="txt" lang="wbl">band</item><item type="gls" lang="en">binding</item><item type="pos" lang="en">n</item><morphemes>
                  <morph type="stem" guid="d7f713e8-e8cf-11d3-9764-00c04f186933">
                    <item type="txt" lang="wbl">band</item>
                    <item type="cf" lang="wbl">band</item>
                    <item type="gls" lang="en">binding</item>
                    <item type="msa" lang="en">n</item>
                  </morph>
                </morphemes></word>
              <word><item type="txt" lang="wbl">ɣ̌uz</item><item type="gls" lang="en">firewood</item><item type="pos" lang="en">n</item><morphemes>
                  <morph type="stem" guid="d7f713e8-e8cf-11d3-9764-00c04f186933">
                    <item type="txt" lang="wbl">ɣ̌uz</item>
                    <item type="cf" lang="wbl">ɣ̌uz</item>
                    <item type="gls" lang="en">firewood</item>
                    <item type="msa" lang="en">n</item>
                  </morph>
                </morphemes></word>
              <word><item type="txt" lang="wbl">nedyetuen</item><item type="gls" lang="en">hadn't chopped</item><item type="pos" lang="en">v</item><morphemes>
                  <morph type="prefix" guid="d7f713db-e8cf-11d3-9764-00c04f186933">
                    <item type="txt" lang="wbl">ne-</item>
                    <item type="cf" lang="wbl">ne-</item>
                    <item type="gls" lang="en">NEG</item>
                    <item type="msa" lang="en">v:Any</item>
                  </morph>
                  <morph type="stem" guid="d7f713e8-e8cf-11d3-9764-00c04f186933">
                    <item type="txt" lang="wbl">dy</item>
                    <item type="cf" lang="wbl">di</item>
                    <item type="gls" lang="en">chop</item>
                    <item type="msa" lang="en">v</item>
                  </morph>
                  <morph type="suffix" guid="d7f713dd-e8cf-11d3-9764-00c04f186933">
                    <item type="txt" lang="wbl">-etu</item>
                    <item type="cf" lang="wbl">-etu</item>
                    <item type="gls" lang="en">PQP</item>
                    <item type="msa" lang="en">v:Any</item>
                  </morph>
                  <morph type="enclitic" guid="d7f713e1-e8cf-11d3-9764-00c04f186933">
                    <item type="txt" lang="wbl">=en</item>
                    <item type="cf" lang="wbl">=en</item>
                    <item type="gls" lang="en">=1PL</item>
                    <item type="msa" lang="en">verbprt</item>
                  </morph>
                </morphemes></word>
              <word><item type="txt" lang="wbl">ki</item><item type="gls" lang="en">CPL</item><item type="pos" lang="en">conn</item><morphemes>
                  <morph type="stem" guid="d7f713e8-e8cf-11d3-9764-00c04f186933">
                    <item type="txt" lang="wbl">ki</item>
                    <item type="cf" lang="wbl">ki</item>
                    <item type="gls" lang="en">CPL</item>
                    <item type="msa" lang="en">conn</item>
                  </morph>
                </morphemes></word>
              <word><item type="punct" lang="wbl">,</item></word>
              <word><item type="txt" lang="wbl">xurven</item><item type="gls" lang="en">donkey</item><item type="pos" lang="en">n</item><morphemes>
                  <morph type="stem" guid="d7f713e8-e8cf-11d3-9764-00c04f186933">
                    <item type="txt" lang="wbl">xur</item>
                    <item type="cf" lang="wbl">xur</item>
                    <item type="gls" lang="en">donkey</item>
                    <item type="msa" lang="en">n</item>
                  </morph>
                  <morph type="suffix" guid="d7f713dd-e8cf-11d3-9764-00c04f186933">
                    <item type="txt" lang="wbl">-v</item>
                    <item type="cf" lang="wbl">-ev</item>
                    <item type="hn" lang="wbl">1</item>
                    <item type="gls" lang="en">Obl:PL</item>
                    <item type="msa" lang="en">n:Any</item>
                  </morph>
                  <morph type="suffix" guid="d7f713dd-e8cf-11d3-9764-00c04f186933">
                    <item type="txt" lang="wbl">-en</item>
                    <item type="cf" lang="wbl">-en</item>
                    <item type="hn" lang="wbl">2</item>
                    <item type="gls" lang="en">ABL</item>
                    <item type="msa" lang="en">n:Any</item>
                  </morph>
                </morphemes></word>
              <word><item type="txt" lang="wbl">aret</item><item type="gls" lang="en">bellow</item><item type="pos" lang="en">n</item><morphemes>
                  <morph type="stem" guid="d7f713e8-e8cf-11d3-9764-00c04f186933">
                    <item type="txt" lang="wbl">ar</item>
                    <item type="cf" lang="wbl">ar</item>
                    <item type="hn" lang="wbl">2</item>
                    <item type="gls" lang="en">bellow</item>
                    <item type="msa" lang="en">n</item>
                  </morph>
                  <morph type="enclitic" guid="d7f713e1-e8cf-11d3-9764-00c04f186933">
                    <item type="txt" lang="wbl">=et</item>
                    <item type="cf" lang="wbl">=et</item>
                    <item type="hn" lang="wbl">1</item>
                    <item type="gls" lang="en">=and</item>
                    <item type="msa" lang="en">conn</item>
                  </morph>
                </morphemes></word>
              <word><item type="txt" lang="wbl">bïf</item><item type="gls" lang="en">roar</item><item type="pos" lang="en">n</item><morphemes>
                  <morph type="stem" guid="d7f713e8-e8cf-11d3-9764-00c04f186933">
                    <item type="txt" lang="wbl">bïf</item>
                    <item type="cf" lang="wbl">bïf</item>
                    <item type="gls" lang="en">roar</item>
                    <item type="msa" lang="en">n</item>
                  </morph>
                </morphemes></word>
              <word><item type="txt" lang="wbl">sar</item><item type="gls" lang="en">begin</item><item type="pos" lang="en">n</item><morphemes>
                  <morph type="stem" guid="d7f713e8-e8cf-11d3-9764-00c04f186933">
                    <item type="txt" lang="wbl">sar</item>
                    <item type="cf" lang="wbl">sar</item>
                    <item type="gls" lang="en">begin</item>
                    <item type="msa" lang="en">NPred</item>
                  </morph>
                </morphemes></word>
              <word><item type="txt" lang="wbl">viti</item><item type="gls" lang="en">started</item><item type="pos" lang="en">v</item><morphemes>
                  <morph type="stem" guid="d7f713e8-e8cf-11d3-9764-00c04f186933">
                    <item type="txt" lang="wbl">vi</item>
                    <item type="cf" lang="wbl">woc</item>
                    <item type="gls" lang="en">LV</item>
                    <item type="msa" lang="en">v</item>
                  </morph>
                  <morph type="suffix" guid="d7f713dd-e8cf-11d3-9764-00c04f186933">
                    <item type="txt" lang="wbl">-t</item>
                    <item type="cf" lang="wbl">-t</item>
                    <item type="hn" lang="wbl">2</item>
                    <item type="gls" lang="en">PST</item>
                    <item type="msa" lang="en">v:Any</item>
                  </morph>
                  <morph type="suffix" guid="d7f713dd-e8cf-11d3-9764-00c04f186933">
                    <item type="txt" lang="wbl">-i</item>
                    <item type="cf" lang="wbl">-ey</item>
                    <item type="hn" lang="wbl">2</item>
                    <item type="gls" lang="en">PST</item>
                    <item type="msa" lang="en">v:Any</item>
                  </morph>
                </morphemes></word>
              <word><item type="punct" lang="wbl">.</item></word>
            </words><item type="segnum" lang="en">4</item><item type="gls" lang="en">We hadn't yet made one bundle of firewood when the donkey's bellowing and roaring started. </item></word>
        </phrases>
      </paragraph>
      <paragraph>
        <phrases>
          <word><words>
              <word><item type="txt" lang="wbl">Niv</item><item type="gls" lang="en">now</item><item type="pos" lang="en">adv</item><morphemes>
                  <morph type="stem" guid="d7f713e8-e8cf-11d3-9764-00c04f186933">
                    <item type="txt" lang="wbl">niv</item>
                    <item type="cf" lang="wbl">niv</item>
                    <item type="gls" lang="en">now</item>
                    <item type="msa" lang="en">adv</item>
                  </morph>
                </morphemes></word>
              <word><item type="txt" lang="wbl">gesoges</item><item type="gls" lang="en">running</item><item type="pos" lang="en">adv</item><morphemes>
                  <morph type="stem" guid="d7f713e8-e8cf-11d3-9764-00c04f186933">
                    <item type="txt" lang="wbl">gesoges</item>
                    <item type="cf" lang="wbl">gesoges</item>
                    <item type="gls" lang="en">running</item>
                    <item type="msa" lang="en">adv</item>
                  </morph>
                </morphemes></word>
              <word><item type="txt" lang="wbl">reɣ̌den</item><item type="gls" lang="en">go.PST.1PL</item><item type="pos" lang="en">v</item><morphemes>
                  <morph type="stem" guid="d7f713e8-e8cf-11d3-9764-00c04f186933">
                    <item type="txt" lang="wbl">reɣ̌</item>
                    <item type="cf" lang="wbl">rec̣</item>
                    <item type="gls" lang="en">go</item>
                    <item type="msa" lang="en">v</item>
                  </morph>
                  <morph type="suffix" guid="d7f713dd-e8cf-11d3-9764-00c04f186933">
                    <item type="txt" lang="wbl">-d</item>
                    <item type="cf" lang="wbl">-t</item>
                    <item type="hn" lang="wbl">2</item>
                    <item type="gls" lang="en">PST</item>
                    <item type="msa" lang="en">v:Any</item>
                  </morph>
                  <morph type="enclitic" guid="d7f713e1-e8cf-11d3-9764-00c04f186933">
                    <item type="txt" lang="wbl">=en</item>
                    <item type="cf" lang="wbl">=en</item>
                    <item type="gls" lang="en">=1PL</item>
                    <item type="msa" lang="en">verbprt</item>
                  </morph>
                </morphemes></word>
              <word><item type="txt" lang="wbl">ki</item><item type="gls" lang="en">CPL</item><item type="pos" lang="en">conn</item><morphemes>
                  <morph type="stem" guid="d7f713e8-e8cf-11d3-9764-00c04f186933">
                    <item type="txt" lang="wbl">ki</item>
                    <item type="cf" lang="wbl">ki</item>
                    <item type="gls" lang="en">CPL</item>
                    <item type="msa" lang="en">conn</item>
                  </morph>
                </morphemes></word>
              <word><item type="punct" lang="wbl">,</item></word>
              <word><item type="txt" lang="wbl">xurvi</item><item type="gls" lang="en">donkey</item><item type="pos" lang="en">n</item><morphemes>
                  <morph type="stem" guid="d7f713e8-e8cf-11d3-9764-00c04f186933">
                    <item type="txt" lang="wbl">xur</item>
                    <item type="cf" lang="wbl">xur</item>
                    <item type="gls" lang="en">donkey</item>
                    <item type="msa" lang="en">n</item>
                  </morph>
                  <morph type="suffix" guid="d7f713dd-e8cf-11d3-9764-00c04f186933">
                    <item type="txt" lang="wbl">-v</item>
                    <item type="cf" lang="wbl">-ev</item>
                    <item type="hn" lang="wbl">1</item>
                    <item type="gls" lang="en">Obl:PL</item>
                    <item type="msa" lang="en">n:Any</item>
                  </morph>
                  <morph type="suffix" guid="d7f713dd-e8cf-11d3-9764-00c04f186933">
                    <item type="txt" lang="wbl">-i</item>
                    <item type="cf" lang="wbl">-ey</item>
                    <item type="hn" lang="wbl">1</item>
                    <item type="gls" lang="en">ACC</item>
                    <item type="msa" lang="en">n:Any</item>
                  </morph>
                </morphemes></word>
              <word><item type="txt" lang="wbl">ṣaptiš</item><item type="gls" lang="en">wolf</item><item type="pos" lang="en">n</item><morphemes>
                  <morph type="stem" guid="d7f713e8-e8cf-11d3-9764-00c04f186933">
                    <item type="txt" lang="wbl">ṣapt</item>
                    <item type="cf" lang="wbl">ṣapt</item>
                    <item type="gls" lang="en">wolf</item>
                    <item type="msa" lang="en">n</item>
                  </morph>
                  <morph type="suffix" guid="d7f713dd-e8cf-11d3-9764-00c04f186933">
                    <item type="txt" lang="wbl">-iš</item>
                    <item type="cf" lang="wbl">-iš</item>
                    <item type="gls" lang="en">N:PL</item>
                    <item type="msa" lang="en">n:Any</item>
                  </morph>
                </morphemes></word>
              <word><item type="txt" lang="wbl">qbalev</item><item type="gls" lang="en">surrounded</item><item type="pos" lang="en">n</item><morphemes>
                  <morph type="stem" guid="d7f713e8-e8cf-11d3-9764-00c04f186933">
                    <item type="txt" lang="wbl">qbal</item>
                    <item type="cf" lang="wbl">qebal</item>
                    <item type="gls" lang="en">surround</item>
                    <item type="msa" lang="en">NPred</item>
                  </morph>
                  <morph type="enclitic" guid="d7f713e1-e8cf-11d3-9764-00c04f186933">
                    <item type="txt" lang="wbl">=ev</item>
                    <item type="cf" lang="wbl">=ev</item>
                    <item type="gls" lang="en">=2/3PL</item>
                    <item type="msa" lang="en">verbprt</item>
                  </morph>
                </morphemes></word>
              <word><item type="txt" lang="wbl">kerk</item><item type="gls" lang="en">LV.EV</item><item type="pos" lang="en">v</item><morphemes>
                  <morph type="stem" guid="d7f713e8-e8cf-11d3-9764-00c04f186933">
                    <item type="txt" lang="wbl">ker</item>
                    <item type="cf" lang="wbl">car</item>
                    <item type="gls" lang="en">LV</item>
                    <item type="msa" lang="en">v</item>
                  </morph>
                  <morph type="suffix" guid="d7f713dd-e8cf-11d3-9764-00c04f186933">
                    <item type="txt" lang="wbl">-k</item>
                    <item type="cf" lang="wbl">-etk</item>
                    <item type="gls" lang="en">EV</item>
                    <item type="msa" lang="en">v:Any</item>
                  </morph>
                </morphemes></word>
              <word><item type="punct" lang="wbl">.</item></word>
            </words><item type="segnum" lang="en">5</item><item type="gls" lang="en">Now, we ran (and saw that) wolves had surrounded the donkeys.</item></word>
        </phrases>
      </paragraph>
      <paragraph>
        <phrases>
          <word><words>
              <word><item type="txt" lang="wbl">Sak</item><item type="gls" lang="en">Pr.1PL</item><item type="pos" lang="en">pro</item><morphemes>
                  <morph type="stem" guid="d7f713e8-e8cf-11d3-9764-00c04f186933">
                    <item type="txt" lang="wbl">sak</item>
                    <item type="cf" lang="wbl">sak</item>
                    <item type="gls" lang="en">Pr.1PL</item>
                    <item type="msa" lang="en">pro</item>
                  </morph>
                </morphemes></word>
              <word><item type="txt" lang="wbl">be</item><item type="gls" lang="en">ADD</item><item type="pos" lang="en">prt</item><morphemes>
                  <morph type="stem" guid="d7f713e8-e8cf-11d3-9764-00c04f186933">
                    <item type="txt" lang="wbl">be</item>
                    <item type="cf" lang="wbl">be</item>
                    <item type="hn" lang="wbl">2</item>
                    <item type="gls" lang="en">ADD</item>
                    <item type="msa" lang="en">prt</item>
                  </morph>
                </morphemes></word>
              <word><item type="txt" lang="wbl">waɣdenet</item><item type="gls" lang="en">shout</item><item type="pos" lang="en">v</item><morphemes>
                  <morph type="stem" guid="d7f713e8-e8cf-11d3-9764-00c04f186933">
                    <item type="txt" lang="wbl">waɣ</item>
                    <item type="cf" lang="wbl">waɣ</item>
                    <item type="gls" lang="en">shout</item>
                    <item type="msa" lang="en">v</item>
                  </morph>
                  <morph type="suffix" guid="d7f713dd-e8cf-11d3-9764-00c04f186933">
                    <item type="txt" lang="wbl">-d</item>
                    <item type="cf" lang="wbl">-t</item>
                    <item type="hn" lang="wbl">2</item>
                    <item type="gls" lang="en">PST</item>
                    <item type="msa" lang="en">v:Any</item>
                  </morph>
                  <morph type="enclitic" guid="d7f713e1-e8cf-11d3-9764-00c04f186933">
                    <item type="txt" lang="wbl">=en</item>
                    <item type="cf" lang="wbl">=en</item>
                    <item type="gls" lang="en">=1PL</item>
                    <item type="msa" lang="en">verbprt</item>
                  </morph>
                  <morph type="enclitic" guid="d7f713e1-e8cf-11d3-9764-00c04f186933">
                    <item type="txt" lang="wbl">=et</item>
                    <item type="cf" lang="wbl">=et</item>
                    <item type="hn" lang="wbl">1</item>
                    <item type="gls" lang="en">=and</item>
                    <item type="msa" lang="en">conn</item>
                  </morph>
                </morphemes></word>
              <word><item type="txt" lang="wbl">de</item><item type="gls" lang="en">with</item><item type="pos" lang="en">prep</item><morphemes>
                  <morph type="stem" guid="d7f713e8-e8cf-11d3-9764-00c04f186933">
                    <item type="txt" lang="wbl">de</item>
                    <item type="cf" lang="wbl">de</item>
                    <item type="gls" lang="en">with</item>
                    <item type="msa" lang="en">prep</item>
                  </morph>
                </morphemes></word>
              <word><item type="txt" lang="wbl">ɣ̌arenet</item><item type="gls" lang="en">stone</item><item type="pos" lang="en">n</item><morphemes>
                  <morph type="stem" guid="d7f713e8-e8cf-11d3-9764-00c04f186933">
                    <item type="txt" lang="wbl">ɣ̌ar</item>
                    <item type="cf" lang="wbl">ɣ̌ar</item>
                    <item type="gls" lang="en">stone</item>
                    <item type="msa" lang="en">n</item>
                  </morph>
                  <morph type="suffix" guid="d7f713dd-e8cf-11d3-9764-00c04f186933">
                    <item type="txt" lang="wbl">-en</item>
                    <item type="cf" lang="wbl">-en</item>
                    <item type="hn" lang="wbl">2</item>
                    <item type="gls" lang="en">ABL</item>
                    <item type="msa" lang="en">n:Any</item>
                  </morph>
                  <morph type="enclitic" guid="d7f713e1-e8cf-11d3-9764-00c04f186933">
                    <item type="txt" lang="wbl">=et</item>
                    <item type="cf" lang="wbl">=et</item>
                    <item type="hn" lang="wbl">1</item>
                    <item type="gls" lang="en">=and</item>
                    <item type="msa" lang="en">conn</item>
                  </morph>
                </morphemes></word>
              <word><item type="txt" lang="wbl">ṣungen</item><item type="gls" lang="en">wood</item><item type="pos" lang="en">n</item><morphemes>
                  <morph type="stem" guid="d7f713e8-e8cf-11d3-9764-00c04f186933">
                    <item type="txt" lang="wbl">ṣung</item>
                    <item type="cf" lang="wbl">ṣung</item>
                    <item type="gls" lang="en">wood</item>
                    <item type="msa" lang="en">n</item>
                  </morph>
                  <morph type="suffix" guid="d7f713dd-e8cf-11d3-9764-00c04f186933">
                    <item type="txt" lang="wbl">-en</item>
                    <item type="cf" lang="wbl">-en</item>
                    <item type="hn" lang="wbl">2</item>
                    <item type="gls" lang="en">ABL</item>
                    <item type="msa" lang="en">n:Any</item>
                  </morph>
                </morphemes></word>
              <word><item type="punct" lang="wbl">,</item></word>
              <word><item type="txt" lang="wbl">de</item><item type="gls" lang="en">with</item><item type="pos" lang="en">prep</item><morphemes>
                  <morph type="stem" guid="d7f713e8-e8cf-11d3-9764-00c04f186933">
                    <item type="txt" lang="wbl">de</item>
                    <item type="cf" lang="wbl">de</item>
                    <item type="gls" lang="en">with</item>
                    <item type="msa" lang="en">prep</item>
                  </morph>
                </morphemes></word>
              <word><item type="txt" lang="wbl">x̌ï</item><item type="gls" lang="en">P.REF</item><item type="pos" lang="en">pro-form</item><morphemes>
                  <morph type="stem" guid="d7f713e8-e8cf-11d3-9764-00c04f186933">
                    <item type="txt" lang="wbl">x̌ï</item>
                    <item type="cf" lang="wbl">x̌ï</item>
                    <item type="gls" lang="en">P.REF</item>
                    <item type="msa" lang="en">pro-form</item>
                  </morph>
                </morphemes></word>
              <word><item type="txt" lang="wbl">tparven</item><item type="gls" lang="en">axe</item><item type="pos" lang="en">n</item><morphemes>
                  <morph type="stem" guid="d7f713e8-e8cf-11d3-9764-00c04f186933">
                    <item type="txt" lang="wbl">tpar</item>
                    <item type="cf" lang="wbl">tpar</item>
                    <item type="gls" lang="en">axe</item>
                    <item type="msa" lang="en">n</item>
                  </morph>
                  <morph type="suffix" guid="d7f713dd-e8cf-11d3-9764-00c04f186933">
                    <item type="txt" lang="wbl">-v</item>
                    <item type="cf" lang="wbl">-ev</item>
                    <item type="hn" lang="wbl">1</item>
                    <item type="gls" lang="en">Obl:PL</item>
                    <item type="msa" lang="en">n:Any</item>
                  </morph>
                  <morph type="suffix" guid="d7f713dd-e8cf-11d3-9764-00c04f186933">
                    <item type="txt" lang="wbl">-en</item>
                    <item type="cf" lang="wbl">-en</item>
                    <item type="hn" lang="wbl">2</item>
                    <item type="gls" lang="en">ABL</item>
                    <item type="msa" lang="en">n:Any</item>
                  </morph>
                </morphemes></word>
              <word><item type="txt" lang="wbl">ṣaptvi</item><item type="pos" lang="en">n</item><morphemes>
                  <morph type="stem" guid="d7f713e8-e8cf-11d3-9764-00c04f186933">
                    <item type="txt" lang="wbl">ṣapt</item>
                    <item type="cf" lang="wbl">ṣapt</item>
                    <item type="gls" lang="en">wolf</item>
                    <item type="msa" lang="en">n</item>
                  </morph>
                  <morph type="suffix" guid="d7f713dd-e8cf-11d3-9764-00c04f186933">
                    <item type="txt" lang="wbl">-v</item>
                    <item type="cf" lang="wbl">-ev</item>
                    <item type="hn" lang="wbl">1</item>
                    <item type="gls" lang="en">Obl:PL</item>
                    <item type="msa" lang="en">n:Any</item>
                  </morph>
                  <morph type="suffix" guid="d7f713dd-e8cf-11d3-9764-00c04f186933">
                    <item type="txt" lang="wbl">-i</item>
                    <item type="cf" lang="wbl">-ey</item>
                    <item type="hn" lang="wbl">1</item>
                    <item type="gls" lang="en">ACC</item>
                    <item type="msa" lang="en">n:Any</item>
                  </morph>
                </morphemes></word>
              <word><item type="txt" lang="wbl">ay</item><item type="pos" lang="en">NPred</item><morphemes>
                  <morph type="stem" guid="d7f713e8-e8cf-11d3-9764-00c04f186933">
                    <item type="txt" lang="wbl">ay</item>
                    <item type="cf" lang="wbl">ay</item>
                    <item type="gls" lang="en">chase</item>
                    <item type="msa" lang="en">NPred</item>
                  </morph>
                </morphemes></word>
              <word><item type="txt" lang="wbl">kerten</item><item type="gls" lang="en">LV.PST.1PL</item><item type="pos" lang="en">v</item><morphemes>
                  <morph type="stem" guid="d7f713e8-e8cf-11d3-9764-00c04f186933">
                    <item type="txt" lang="wbl">ker</item>
                    <item type="cf" lang="wbl">car</item>
                    <item type="gls" lang="en">LV</item>
                    <item type="msa" lang="en">v</item>
                  </morph>
                  <morph type="suffix" guid="d7f713dd-e8cf-11d3-9764-00c04f186933">
                    <item type="txt" lang="wbl">-t</item>
                    <item type="cf" lang="wbl">-t</item>
                    <item type="hn" lang="wbl">2</item>
                    <item type="gls" lang="en">PST</item>
                    <item type="msa" lang="en">v:Any</item>
                  </morph>
                  <morph type="enclitic" guid="d7f713e1-e8cf-11d3-9764-00c04f186933">
                    <item type="txt" lang="wbl">=en</item>
                    <item type="cf" lang="wbl">=en</item>
                    <item type="gls" lang="en">=1PL</item>
                    <item type="msa" lang="en">verbprt</item>
                  </morph>
                </morphemes></word>
              <word><item type="punct" lang="wbl">.</item></word>
            </words><item type="segnum" lang="en">6</item><item type="gls" lang="en">We, too, shouted, and with stones and sticks, with our axes, we chased the wolves away.</item></word>
        </phrases>
      </paragraph>
      <paragraph>
        <phrases>
          <word><words>
              <word><item type="txt" lang="wbl">Ṣaptiš</item><item type="gls" lang="en">wolf</item><item type="pos" lang="en">n</item><morphemes>
                  <morph type="stem" guid="d7f713e8-e8cf-11d3-9764-00c04f186933">
                    <item type="txt" lang="wbl">ṣapt</item>
                    <item type="cf" lang="wbl">ṣapt</item>
                    <item type="gls" lang="en">wolf</item>
                    <item type="msa" lang="en">n</item>
                  </morph>
                  <morph type="suffix" guid="d7f713dd-e8cf-11d3-9764-00c04f186933">
                    <item type="txt" lang="wbl">-iš</item>
                    <item type="cf" lang="wbl">-iš</item>
                    <item type="gls" lang="en">N:PL</item>
                    <item type="msa" lang="en">n:Any</item>
                  </morph>
                </morphemes></word>
              <word><item type="txt" lang="wbl">renev</item><item type="gls" lang="en">ran.away</item><item type="pos" lang="en">v</item><morphemes>
                  <morph type="stem" guid="d7f713e8-e8cf-11d3-9764-00c04f186933">
                    <item type="txt" lang="wbl">re</item>
                    <item type="cf" lang="wbl">reδ</item>
                    <item type="gls" lang="en">ran.away</item>
                    <item type="msa" lang="en">v</item>
                  </morph>
                  <morph type="suffix" guid="d7f713dd-e8cf-11d3-9764-00c04f186933">
                    <item type="txt" lang="wbl">-n</item>
                    <item type="cf" lang="wbl">-n</item>
                    <item type="hn" lang="wbl">1</item>
                    <item type="gls" lang="en">PST</item>
                    <item type="msa" lang="en">v:Any</item>
                  </morph>
                  <morph type="enclitic" guid="d7f713e1-e8cf-11d3-9764-00c04f186933">
                    <item type="txt" lang="wbl">=ev</item>
                    <item type="cf" lang="wbl">=ev</item>
                    <item type="gls" lang="en">=2/3PL</item>
                    <item type="msa" lang="en">verbprt</item>
                  </morph>
                </morphemes></word>
              <word><item type="punct" lang="wbl">.</item></word>
            </words><item type="segnum" lang="en">7</item><item type="gls" lang="en">The wolves ran aweay.</item></word>
        </phrases>
      </paragraph>
      <paragraph>
        <phrases>
          <word><words>
              <word><item type="txt" lang="wbl">Sak</item><item type="gls" lang="en">Pr.1PL</item><item type="pos" lang="en">pro</item><morphemes>
                  <morph type="stem" guid="d7f713e8-e8cf-11d3-9764-00c04f186933">
                    <item type="txt" lang="wbl">sak</item>
                    <item type="cf" lang="wbl">sak</item>
                    <item type="gls" lang="en">Pr.1PL</item>
                    <item type="msa" lang="en">pro</item>
                  </morph>
                </morphemes></word>
              <word><item type="txt" lang="wbl">bebafiɣ̌</item><item type="gls" lang="en">easily</item><item type="pos" lang="en">adv</item><morphemes>
                  <morph type="stem" guid="d7f713e8-e8cf-11d3-9764-00c04f186933">
                    <item type="txt" lang="wbl">bebafiɣ̌</item>
                    <item type="cf" lang="wbl">bebafiɣ̌</item>
                    <item type="gls" lang="en">easily</item>
                    <item type="msa" lang="en">adv</item>
                  </morph>
                </morphemes></word>
              <word><item type="txt" lang="wbl">ɣ̌uz</item><item type="gls" lang="en">firewood</item><item type="pos" lang="en">n</item><morphemes>
                  <morph type="stem" guid="d7f713e8-e8cf-11d3-9764-00c04f186933">
                    <item type="txt" lang="wbl">ɣ̌uz</item>
                    <item type="cf" lang="wbl">ɣ̌uz</item>
                    <item type="gls" lang="en">firewood</item>
                    <item type="msa" lang="en">n</item>
                  </morph>
                </morphemes></word>
              <word><item type="txt" lang="wbl">deytenet</item><item type="gls" lang="en">chop</item><item type="pos" lang="en">v</item><morphemes>
                  <morph type="stem" guid="d7f713e8-e8cf-11d3-9764-00c04f186933">
                    <item type="txt" lang="wbl">dey</item>
                    <item type="cf" lang="wbl">di</item>
                    <item type="gls" lang="en">chop</item>
                    <item type="msa" lang="en">v</item>
                  </morph>
                  <morph type="suffix" guid="d7f713dd-e8cf-11d3-9764-00c04f186933">
                    <item type="txt" lang="wbl">-t</item>
                    <item type="cf" lang="wbl">-t</item>
                    <item type="hn" lang="wbl">2</item>
                    <item type="gls" lang="en">PST</item>
                    <item type="msa" lang="en">v:Any</item>
                  </morph>
                  <morph type="enclitic" guid="d7f713e1-e8cf-11d3-9764-00c04f186933">
                    <item type="txt" lang="wbl">=en</item>
                    <item type="cf" lang="wbl">=en</item>
                    <item type="gls" lang="en">=1PL</item>
                    <item type="msa" lang="en">verbprt</item>
                  </morph>
                  <morph type="enclitic" guid="d7f713e1-e8cf-11d3-9764-00c04f186933">
                    <item type="txt" lang="wbl">=et</item>
                    <item type="cf" lang="wbl">=et</item>
                    <item type="hn" lang="wbl">1</item>
                    <item type="gls" lang="en">=and</item>
                    <item type="msa" lang="en">conn</item>
                  </morph>
                </morphemes></word>
              <word><item type="txt" lang="wbl">pšeten</item><item type="gls" lang="en">return</item><item type="pos" lang="en">verbprt</item><morphemes>
                  <morph type="stem" guid="d7f713e8-e8cf-11d3-9764-00c04f186933">
                    <item type="txt" lang="wbl">pše</item>
                    <item type="cf" lang="wbl">pšew</item>
                    <item type="gls" lang="en">return</item>
                    <item type="msa" lang="en">v</item>
                  </morph>
                  <morph type="suffix" guid="d7f713dd-e8cf-11d3-9764-00c04f186933">
                    <item type="txt" lang="wbl">-t</item>
                    <item type="cf" lang="wbl">-t</item>
                    <item type="hn" lang="wbl">2</item>
                    <item type="gls" lang="en">PST</item>
                    <item type="msa" lang="en">v:Any</item>
                  </morph>
                  <morph type="enclitic" guid="d7f713e1-e8cf-11d3-9764-00c04f186933">
                    <item type="txt" lang="wbl">=en</item>
                    <item type="cf" lang="wbl">=en</item>
                    <item type="gls" lang="en">=1PL</item>
                    <item type="msa" lang="en">verbprt</item>
                  </morph>
                </morphemes></word>
              <word><item type="txt" lang="wbl">xuner</item><item type="gls" lang="en">house</item><item type="pos" lang="en">n</item><morphemes>
                  <morph type="stem" guid="d7f713e8-e8cf-11d3-9764-00c04f186933">
                    <item type="txt" lang="wbl">xun</item>
                    <item type="cf" lang="wbl">xun</item>
                    <item type="gls" lang="en">house</item>
                    <item type="msa" lang="en">n</item>
                  </morph>
                  <morph type="suffix" guid="d7f713dd-e8cf-11d3-9764-00c04f186933">
                    <item type="txt" lang="wbl">-er</item>
                    <item type="cf" lang="wbl">-erk</item>
                    <item type="gls" lang="en">LAT</item>
                    <item type="msa" lang="en">n:Any</item>
                  </morph>
                </morphemes></word>
              <word><item type="punct" lang="wbl">.</item></word>
            </words><item type="segnum" lang="en">8</item><item type="gls" lang="en">We chopped the firewood without difficulties and returned home.</item></word>
        </phrases>
      </paragraph>
    </paragraphs>
    <languages>
      <language lang="en" font="Times New Roman" />
      <language lang="wbl" font="Charis SIL" vernacular="true" />
    </languages>
  </interlinear-text>
</document>