{
  "corpus_name": "",
  "corpus_dir": "corpus",
  "meta_filename": "meta.csv",
  "error_log": "error.log",
  "meta_fields":["filename", "author", "title"],
  "meta_files_ext": true,
  "meta_files_dir": false,
  "meta_files_case_sensitive": true,
  "languages": ["english", "wakhi"],
  "json_indent": -1,
  "gzip": true,
  "convert_quotes": true,
  "left_quot_mark": "«",
  "right_quot_mark": "»",
  "sent_end_punc": "(?:[.!?;;]+(?:[)\\]}>/»]|$)|\\\\n)",
  "sent_start": "^[A-ZÄÖÜА-ЯЁӤӦӴӞӜ0-9]",
  "newline_ends_sent": true,
  "abbreviations": [],
  "media_length": 60,
  "language_codes" : {"english": "en", "wakhi": "wbl"}
}